{"cameraMode":{"drawMode":0,"name":"Shaded","section":"Shading Mode"},"sceneLighting":true,"audioPlay":false,"sceneViewState":{"showFog":true,"showMaterialUpdate":false,"showSkybox":true,"showFlares":true,"showImageEffects":true,"showParticleSystems":true,"showVisualEffectGraphs":true,"m_FxEnabled":true},"in2DMode":false,"pivot":{"x":0.00450444221496582,"y":-0.5767441987991333,"z":-0.32842719554901125},"rotation":{"x":-0.12041886150836945,"y":-0.4983808696269989,"z":0.07013604044914246,"w":-0.8556874990463257},"size":1.3183763027191163,"orthographic":false}